Iso-2,Continent,Country,Breach No. 22'Q1,Breach No. 21'Q4,Average,Percentage change
RU,Europe,Russia,3551385,3190494,3370939.5,11%
UNKNOWN,#N/A,#N/A,2758142,15381650,9069896,-82%
US,North America,U.S.,2493712,4680988,3587350,-47%
PL,Europe,Poland,961026,156550,558788,514%
FR,Europe,France,721171,607157,664164,19%
IN,Asia,India,674847,1769121,1221984,-62%
TR,Asia,Turkey,486602,366125,426363.5,33%
AU,Oceania,Australia,430303,230276,330289.5,87%
ID,Asia,Indonesia,429861,539848,484854.5,-20%
HM,Oceania,Heard and McDonald Islands,402941,2014768,1208854.5,-80%
HK,Asia,Hong Kong,310812,29727,170269.5,946%
DE,Europe,Germany,305969,388400,347184.5,-21%
GB,Europe,U.K.,295661,420031,357846,-30%
BR,South America,Brazil,285062,1446863,865962.5,-80%
CN,Asia,China,284062,411135,347598.5,-31%
PH,Asia,Philippines,244779,386337,315558,-37%
UA,Europe,Ukraine,207504,633723,420613.5,-67%
ES,Europe,Spain,187060,622357,404708.5,-70%
CZ,Europe,Czechia,186899,157473,172186,19%
TW,Asia,Taiwan,178717,45278,111997.5,295%
CA,North America,Canada,175006,466604,320805,-62%
KR,Asia,South Korea,166150,2138443,1152296.5,-92%
TH,Asia,Thailand,137507,69298,103402.5,98%
IT,Europe,Italy,135325,223786,179555.5,-40%
NL,Europe,Netherlands,107109,153346,130227.5,-30%
JP,Asia,Japan,101141,282073,191607,-64%
IR,Asia,Iran,97647,340977,219312,-71%
MY,Asia,Malaysia,78393,153172,115782.5,-49%
HU,Europe,Hungary,60667,38317,49492,58%
SA,Asia,Saudi Arabia,55012,103062,79037,-47%
FM,Oceania,Micronesia,54840,97008,75924,-43%
PK,Asia,Pakistan,53947,222272,138109.5,-76%
VN,Asia,Vietnam,51869,370251,211060,-86%
EG,Africa,Egypt,49054,82628,65841,-41%
BY,Europe,Belarus,46969,80581,63775,-42%
RO,Europe,Romania,46808,108710,77759,-57%
MM,Asia,Myanmar,44624,183815,114219.5,-76%
SS,Africa,South Sudan,44159,85591,64875,-48%
VE,South America,Venezuela,43308,60228,51768,-28%
ZA,Africa,South Africa,39881,116863,78372,-66%
ME,Europe,Montenegro,39041,69414,54227.5,-44%
MX,North America,Mexico,38662,69992,54327,-45%
CO,South America,Colombia,37660,128638,83149,-71%
SE,Europe,Sweden,35730,42317,39023.5,-16%
AR,South America,Argentina,33302,70140,51721,-53%
AE,Asia,U.A.E.,30921,92461,61691,-67%
CH,Europe,Switzerland,28844,80554,54699,-64%
PT,Europe,Portugal,28099,66465,47282,-58%
AF,Asia,Afghanistan,26802,112327,69564.5,-76%
KZ,Asia,Kazakhstan,25288,4440,14864,470%
PE,South America,Peru,23624,80637,52130.5,-71%
BE,Europe,Belgium,23256,39826,31541,-42%
BG,Europe,Bulgaria,22307,19149,20728,16%
IQ,Asia,Iraq,21954,31992,26973,-31%
IL,Asia,Israel,21587,533972,277779.5,-96%
GR,Europe,Greece,21238,97587,59412.5,-78%
GG,Europe,Guernsey,20824,800,10812,2503%
AT,Europe,Austria,20608,33769,27188.5,-39%
NG,Africa,Nigeria,20489,50531,35510,-59%
SG,Asia,Singapore,20008,78346,49177,-74%
DO,North America,Dominican Republic,18316,6324,12320,190%
AZ,Asia,Azerbaijan,17603,27149,22376,-35%
BD,Asia,Bangladesh,17103,31208,24155.5,-45%
LK,Asia,Sri Lanka,16661,196574,106617.5,-92%
DZ,Africa,Algeria,16539,20505,18522,-19%
CC,Oceania,Cocos Islands,15559,98180,56869.5,-84%
FI,Europe,Finland,15121,13420,14270.5,13%
NO,Europe,Norway,14627,21400,18013.5,-32%
QA,Asia,Qatar,14591,34898,24744.5,-58%
CL,South America,Chile,13706,687687,350696.5,-98%
MD,Europe,Moldova,13490,5479,9484.5,146%
IE,Europe,Ireland,13232,21071,17151.5,-37%
AL,Europe,Albania,12910,9268,11089,39%
GE,Asia,Georgia,12766,29833,21299.5,-57%
DK,Europe,Denmark,12641,44183,28412,-71%
NZ,Oceania,New Zealand,12010,92872,52441,-87%
TV,Oceania,Tuvalu,11773,25737,18755,-54%
MA,Africa,Morocco,11688,28176,19932,-59%
LV,Europe,Latvia,10279,13242,11760.5,-22%
EC,South America,Ecuador,10063,8117,9090,24%
JO,Asia,Jordan,9817,31612,20714.5,-69%
UZ,Asia,Uzbekistan,9678,32498,21088,-70%
SY,Asia,Syria,9584,24723,17153.5,-61%
UY,South America,Uruguay,9569,8251,8910,16%
KW,Asia,Kuwait,9238,39960,24599,-77%
RS,Europe,Serbia,8549,8998,8773.5,-5%
CR,North America,Costa Rica,8352,13719,11035.5,-39%
LB,Asia,Lebanon,8326,27383,17854.5,-70%
MN,Asia,Mongolia,7885,19193,13539,-59%
CU,North America,Cuba,7824,7603,7713.5,3%
BH,Asia,Bahrain,7535,31372,19453.5,-76%
KG,Asia,Kyrgyzstan,7435,24469,15952,-70%
OM,Asia,Oman,7355,19891,13623,-63%
LT,Europe,Lithuania,6935,17872,12403.5,-61%
TN,Africa,Tunisia,6557,11569,9063,-43%
MO,Asia,Macao,6348,3601,4974.5,76%
SK,Europe,Slovakia,6217,99318,52767.5,-94%
PS,Asia,Palestine,6022,29814,17918,-80%
BO,South America,Bolivia,5996,4019,5007.5,49%
NP,Asia,Nepal,5865,17281,11573,-66%
YE,Asia,Yemen,5672,19343,12507.5,-71%
TJ,Asia,Tajikistan,4955,23655,14305,-79%
GT,North America,Guatemala,4814,11885,8349.5,-59%
CD,Africa,Congo DR,4805,2558,3681.5,88%
HR,Europe,Croatia,4781,8347,6564,-43%
IS,Europe,Iceland,4713,4438,4575.5,6%
SV,North America,El Salvador,4701,16567,10634,-72%
EE,Europe,Estonia,4654,9225,6939.5,-50%
PA,North America,Panama,4582,8042,6312,-43%
KE,Africa,Kenya,4523,11087,7805,-59%
AM,Asia,Armenia,4483,2192,3337.5,105%
ZW,Africa,Zimbabwe,4309,3330,3819.5,29%
LU,Europe,Luxembourg,4199,5511,4855,-24%
PR,North America,Puerto Rico,4171,11100,7635.5,-62%
HN,North America,Honduras,3828,10719,7273.5,-64%
LY,Africa,Libya,3730,4799,4264.5,-22%
CX,Oceania,Christmas Island,3723,83011,43367,-96%
NI,North America,Nicaragua,3719,7519,5619,-51%
TM,Asia,Turkmenistan,3621,19640,11630.5,-82%
SD,Africa,Sudan,3607,3120,3363.5,16%
SO,Africa,Somalia,3572,4473,4022.5,-20%
GH,Africa,Ghana,3346,10356,6851,-68%
SI,Europe,Slovenia,3314,7336,5325,-55%
TT,North America,Trinidad and Tobago,3308,9401,6354.5,-65%
FJ,Oceania,Fiji,3023,4219,3621,-28%
SC,Africa,Seychelles,2973,7588,5280.5,-61%
PY,South America,Paraguay,2948,6401,4674.5,-54%
MV,Asia,Maldives,2889,22062,12475.5,-87%
KH,Asia,Cambodia,2782,10216,6499,-73%
TK,Oceania,Tokelau,2707,3548,3127.5,-24%
BZ,North America,Belize,2690,26085,14387.5,-90%
BA,Europe,Bosnia and Herzegovina,2592,5239,3915.5,-51%
JM,North America,Jamaica,2536,20074,11305,-87%
LA,Asia,Laos,2391,7789,5090,-69%
CI,Africa,Ivory Coast,2379,6943,4661,-66%
CM,Africa,Cameroon,2315,5360,3837.5,-57%
HT,North America,Haiti,2287,9814,6050.5,-77%
PN,Oceania,Pitcairn,2244,8856,5550,-75%
CY,Asia,Cyprus,2243,4642,3442.5,-52%
LR,Africa,Liberia,2054,2028,2041,1%
BT,Asia,Bhutan,2040,10479,6259.5,-81%
MK,Europe,North Macedonia,2033,5948,3990.5,-66%
WS,Oceania,Samoa,1963,2956,2459.5,-34%
UG,Africa,Uganda,1948,5416,3682,-64%
SN,Africa,Senegal,1648,1588,1618,4%
BN,Asia,Brunei Darussalam,1506,5881,3693.5,-74%
AO,Africa,Angola,1484,1785,1634.5,-17%
PM,North America,St. Pierre and Miquelon,1387,9115,5251,-85%
PW,Oceania,Palau,1374,1594,1484,-14%
TZ,Africa,Tanzania,1372,3119,2245.5,-56%
NU,Oceania,Niue,1306,3163,2234.5,-59%
ZM,Africa,Zambia,1305,2948,2126.5,-56%
BS,North America,Bahamas,1265,4904,3084.5,-74%
MT,Europe,Malta,1263,3158,2210.5,-60%
MU,Africa,Mauritius,1212,3203,2207.5,-62%
MS,North America,Montserrat,1212,824,1018,47%
AX,Europe,Åland Islands,1198,1113,1155.5,8%
ML,Africa,Mali,1155,1333,1244,-13%
ET,Africa,Ethiopia,1125,2947,2036,-62%
KP,Asia,North Korea,1057,10188,5622.5,-90%
FK,South America,Falkland Islands,1034,3032,2033,-66%
GQ,Africa,Equatorial Guinea,991,5355,3173,-81%
BB,North America,Barbados,979,4986,2982.5,-80%
GN,Africa,Guinea,949,2033,1491,-53%
VI,North America,U.S. Virgin Islands,908,1379,1143.5,-34%
BF,Africa,Burkina Faso,908,8401,4654.5,-89%
BJ,Africa,Benin,893,3719,2306,-76%
GA,Africa,Gabon,891,898,894.5,-1%
AI,North America,Anguilla,848,6252,3550,-86%
MZ,Africa,Mozambique,828,1614,1221,-49%
MH,Oceania,Marshall Islands,823,2712,1767.5,-70%
SR,South America,Suriname,820,2193,1506.5,-63%
CG,Africa,Congo,795,436,615.5,82%
AD,Europe,Andorra,794,1816,1305,-56%
NA,Africa,Namibia,767,2293,1530,-67%
BW,Africa,Botswana,758,5911,3334.5,-87%
VC,North America,St. Vincent and the Grenadines,747,1693,1220,-56%
NE,Africa,Niger,744,1413,1078.5,-47%
SL,Africa,Sierra Leone,737,695,716,6%
SJ,Europe,Svalbard and Jan Mayen Islands,716,7515,4115.5,-90%
MG,Africa,Madagascar,715,1060,887.5,-33%
RW,Africa,Rwanda,710,10245,5477.5,-93%
PG,Oceania,Papua New Guinea,696,1864,1280,-63%
RE,Africa,Réunion,683,1074,878.5,-36%
NC,Oceania,New Caledonia,674,1171,922.5,-42%
TG,Africa,Togo,660,2136,1398,-69%
MR,Africa,Mauritania,659,1027,843,-36%
CF,Africa,Central African Republic,656,1991,1323.5,-67%
SX,North America,Sint Maarten,610,885,747.5,-31%
LI,Europe,Liechtenstein,600,3951,2275.5,-85%
TC,North America,Turks and Caicos Islands,599,611,605,-2%
VU,Oceania,Vanuatu,587,8896,4741.5,-93%
AG,North America,Antigua and Barbuda,575,1158,866.5,-50%
AS,Oceania,American Samoa,543,1444,993.5,-62%
DJ,Africa,Djibouti,514,3733,2123.5,-86%
PF,Oceania,French Polynesia,488,1023,755.5,-52%
MQ,North America,Martinique,473,2445,1459,-81%
YT,Africa,Mayotte,472,3397,1934.5,-86%
GU,Oceania,Guam,458,1639,1048.5,-72%
AW,North America,Aruba,453,1308,880.5,-65%
GP,North America,Guadeloupe,449,2092,1270.5,-79%
IM,Europe,Isle of Man,410,1416,913,-71%
CK,Oceania,Cook Islands,409,1898,1153.5,-78%
TF,Africa,French Southern Territories,405,26232,13318.5,-98%
KI,Oceania,Kiribati,395,918,656.5,-57%
NR,Oceania,Nauru,386,554,470,-30%
BM,North America,Bermuda,376,2456,1416,-85%
MC,Europe,Monaco,367,775,571,-53%
GY,South America,Guyana,366,1095,730.5,-67%
WF,Oceania,Wallis and Futuna Islands,364,651,507.5,-44%
MW,Africa,Malawi,362,999,680.5,-64%
CV,Africa,Cabo Verde,345,268,306.5,29%
SZ,Africa,Eswatini,341,901,621,-62%
GL,North America,Greenland,340,666,503,-49%
ST,Africa,São Tomé and Príncipe,333,2782,1557.5,-88%
BV,South America,Bouvet Island,61,1213,637,-95%
BI,Africa,Burundi,315,1379,847,-77%
GI,Europe,Gibraltar,304,830,567,-63%
GS,South America,South Georgia and the South Sandwich Islands,70,372,221,-81%
SB,Oceania,Solomon Islands,296,942,619,-69%
GM,Africa,Gambia,295,995,645,-70%
KY,North America,Cayman Islands,280,1755,1017.5,-84%
LS,Africa,Lesotho,271,997,634,-73%
LC,North America,St. Lucia,269,715,492,-62%
GF,South America,French Guiana,269,1483,876,-82%
BQ,North America,"Bonaire, Sint Eustatius and Saba",38,57,47.5,-33%
TD,Africa,Chad,257,921,589,-72%
GW,Africa,Guinea-Bissau,256,555,405.5,-54%
TO,Oceania,Tonga,251,970,610.5,-74%
EH,Africa,Western Sahara,77,404,240.5,-81%
UM,Oceania,U.S. Minor Outlying Islands,239,752,495.5,-68%
AQ,Antarctica,Antarctica,226,614,420,-63%
IO,Africa,British Indian Ocean Territory,220,851,535.5,-74%
TL,Asia,Timor-Leste,219,908,563.5,-76%
VG,North America,British Virgin Islands,210,685,447.5,-69%
JE,Europe,Jersey,201,879,540,-77%
NF,Oceania,Norfolk Island,193,641,417,-70%
DM,North America,Dominica,184,1047,615.5,-82%
GD,North America,Grenada,183,1094,638.5,-83%
KM,Africa,Comoros,180,2559,1369.5,-93%
KN,North America,St. Kitts and Nevis,178,841,509.5,-79%
ER,Africa,Eritrea,153,657,405,-77%
CW,North America,Curaçao,153,954,553.5,-84%
MP,Oceania,Northern Mariana Islands,150,596,373,-75%
VA,Europe,Vatican,148,502,325,-71%
FO,Europe,Faroe Islands,136,820,478,-83%
SM,Europe,San Marino,134,475,304.5,-72%
SH,Africa,Saint Helena,117,2209,1163,-95%
XK,Europe,Kosovo,104,905,504.5,-89%
BL,North America,St. Barthélemy,28,385,206.5,-93%
MF,North America,St. Martin,88,1511,799.5,-94%
Total,,,18174132,43169912,30672022,
